id;name;jhi_specification;jhi_cost;retail_price;wholesale_price;publisher_id;category_id
1001;追风筝的人;;24.36;29;27.55;1001;1001
1002;百年孤独2;;31.21;39.5;36.74;1002;1001
1003;围城;;15.39;19;16.53;1003;1001
1004;不能承受的生命之轻1;;15.41;23;21.39;1004;1001
1005;平凡的世界（全三部）;;32.64;64;59.52;1003;1001
1006;活着4;;9.48;12;9.6;1002;1001
1007;解忧杂货店;;15.01;39.5;33.18;1002;1001
1008;小王子;;15.62;22;18.26;1003;1001
1009;红楼梦;;53.73;59.7;49.55;1003;1001
1010;文学回忆录（全2册）;;69.58;98;80.36;1005;1001
1011;挪威的森林;;14.1;18.8;17.3;1004;1001
1012;霍乱时期的爱情;;28.44;39.5;36.74;1002;1001
1013;岛上书店;;23.8;35;32.55;1006;1001
1014;倾城之恋;;4.84;11;9.68;1007;1001
1015;月亮和六便士;;10.95;15;13.5;1004;1001
1016;1988：我想和这个世界谈谈;;22;25;23.75;1008;1001
1017;情人;;13.2;20;17.4;1004;1001
1018;飘;;12.4;40;34;1009;1001
1019;简爱（英文全本）;;9;18;14.58;1010;1001
1020;傲慢与偏见;;4.55;13;12.35;1003;1001
1021;莲花;;14.5;25;21.75;1011;1001
1022;独唱团（第一辑）;;9.44;16;13.12;1012;1001
1023;梦里花落知多少;;13.4;20;17.4;1013;1001
1024;活着2;;6.4;20;18.4;1011;1001
1025;穆斯林的葬礼;;20.8;32;26.88;1014;1001
1026;我们仨;;10.72;18.8;17.11;1015;1001
1027;边城;;8.64;12;10.2;1016;1001
1028;百年孤独;;6.48;12.7;11.81;1004;1001
1029;三重门;;6.72;16;14.88;1011;1001
1030;1Q84 BOOK 1;;28.08;36;33.48;1002;1001
1031;1984;;13.16;28;24.36;1014;1001
1032;白鹿原;;17.64;28;24.36;1003;1001
1033;幻城;;10.92;28;25.2;1013;1001
1034;这些人，那些事;;10.64;28;23.52;1009;1001
1035;致我们终将逝去的青春;;16.5;25;23.5;1017;1001
1036;皮囊;;14.73;39.8;35.02;1018;1001
1037;黄金时代;;16.34;19;15.58;1007;1001
1038;看不见的城市;;13.12;16;13.12;1009;1001
1039;许三观卖血记;;14.62;16.8;13.78;1002;1001
1040;洛丽塔;;12.96;27;22.14;1004;1001
1041;沉默的大多数;;11.61;27;21.6;1019;1001
1042;人间失格;;7.36;16;13.12;1020;1001
1043;牧羊少年奇幻之旅;;19.5;25;23.25;1002;1001
1044;局外人;;7.26;22;19.14;1004;1001
1045;白夜行;;32.79;39.5;33.58;1002;1001
1046;狼图腾;;28.8;32;27.84;1021;1001
1047;一个陌生女人的来信;;10.2;20;16.6;1004;1001
1048;巨人的陨落;;51.92;129.8;112.93;1006;1001
1049;文化苦旅;;8.8;22;17.82;1022;1001
1050;麦田里的守望者;;2.65;7.8;6.55;1009;1001
1051;芒果街上的小屋;;20.09;24.5;19.6;1009;1001
1052;偷影子的人;;14.9;29.8;28.31;1023;1001
1053;在路上;;15.4;28;23.24;1004;1001
1054;活着;;4.03;13;10.4;1024;1001
1055;摆渡人;;12.24;36;30.24;1025;1001
1056;三体;;15.41;23;21.62;1026;1001
1057;瓦尔登湖;;6.6;11;10.23;1004;1001
1058;苏菲的世界;;23.32;26.8;24.66;1011;1001
1059;悟空传;;11.25;14.8;13.91;1027;1001
1060;刀锋;;9.36;18;14.4;1004;1001
1061;斯通纳;;32.76;39;34.32;1028;1001
1062;平凡的世界（全三册）;;29.24;68;57.8;1014;1001
1063;三国演义（全二册）;;20.54;39.5;33.58;1003;1001
1064;人生若只如初见;;10.23;23.8;20.23;1029;1001
1065;了不起的盖茨比;;4.92;12;10.92;1003;1001
1066;白夜行2;;25.33;29.8;25.03;1002;1001
1067;挪威的森林2;;17.94;23;18.63;1004;1001
1068;一个人的好天气;;11.85;15;13.5;1004;1001
1069;月亮和六便士2;;10.56;32;27.2;1004;1001
1070;海边的卡夫卡;;15.75;25;20.25;1004;1001
1071;当我们谈论爱情时我们在谈论什么;;16.5;22;18.04;1009;1001
1072;查令十字街84号;;15.84;18;16.92;1009;1001
1073;亲爱的安德烈;;21.06;26;20.8;1003;1001
1074;孤独六讲;;26.28;36;32.4;1005;1001
1075;芳华;;28.08;39;33.15;1003;1001
1076;老人与海;;3.2;8.2;7.22;1004;1001
1077;麦田里的守望者2;;14.56;28;23.52;1009;1001
1078;雪落香杉树;;22.88;52;46.8;1030;1001
1079;杀死一只知更鸟;;12.48;32;25.92;1009;1001
1080;围城2;;5.89;19;16.72;1003;1001
1081;人间词话;;6.86;9.8;9.21;1031;1001
1082;从你的全世界路过;;17.11;39.8;33.83;1023;1001
1083;平凡的世界;;38.3;79.8;71.82;1032;1001
1084;不能承受的生命之轻2;;21.75;29;23.78;1004;1001
1085;心是孤独的猎手;;8.25;25;22;1033;1001
1086;当我谈跑步时我谈些什么;;13.75;25;21;1002;1001
1087;我们仨2;;7.59;23;18.4;1015;1001
1088;呐喊;;0.22;0.36;0.3;1003;1001
1089;呼啸山庄;;16.65;27.3;23.21;1003;1001
1090;目送;;18.72;39;37.05;1015;1001
1091;一只特立独行的猪;;5.83;18.8;17.48;1034;1001
1092;浮生六记;;4.39;5.7;4.79;1003;1001
1093;爱你就像爱生命;;11.7;18;16.74;1035;1001
1094;基督山伯爵;;15.37;43.9;39.95;1004;1001
1095;兄弟（上）;;12.32;16;15.2;1024;1001
1096;动物农场;;7.3;10;9.2;1004;1001
1097;围城3;;9.11;18.6;16.55;1015;1001
1098;达·芬奇密码;;20.16;28;23.8;1001;1001
1099;生活在别处;;17.5;25;21.25;1004;1001
1100;城南旧事;;10.72;16;15.2;1019;1001
1101;艺术的故事;;232.4;280;263.2;1036;1002
1102;月亮和六便士3;;11.25;15;13.35;1004;1002
1103;认识艺术（全彩插图第8版）;;40.92;99.8;94.81;1037;1002
1104;小顾聊绘画·壹;;12.92;38;34.2;1038;1002
1105;设计中的设计;;38.4;48;41.76;1039;1002
1106;退步集;;26.6;38;31.54;1005;1002
1107;写给大家看的设计书（第3版）;;24.5;49;40.18;1040;1002
1108;像艺术家一样思考2;;17.08;28;22.96;1041;1002
1109;美的历程2;;26.66;43;36.55;1042;1002
1110;认识电影 （全彩插图第12版）;;210;280;238;1043;1002
1111;认识电影;;33.32;68;57.12;1010;1002
1112;如何看一幅画;;37.44;48;45.12;1038;1002
1113;此时此地;;30.45;35;32.55;1005;1002
1114;美的历程;;26.28;36;29.16;1044;1002
1115;艺术的故事2;;152.76;228;191.52;1015;1002
1116;大都会艺术博物馆指南;;88.32;138;126.96;1043;1002
1117;现代艺术150年;;26.65;65;53.95;1045;1002
1118;素描的诀窍;;12.32;28;23.8;1046;1002
1119;美的历史;;66.64;98;82.32;1047;1002
1120;世界艺术史九讲（全彩插图第8版）;;41.6;80;64.8;1037;1002
1121;观看之道;;11.7;18;14.4;1005;1002
1122;梵高传;;21.25;25;23;1048;1002
1123;丑的历史;;91.08;198;180.18;1047;1002
1124;小顾聊绘画·贰;;31.04;39.8;35.02;1038;1002
1125;纽约琐记（修订版）;;17.76;48;44.16;1005;1002
1126;安迪·沃霍尔的哲学;;34.65;45;39.15;1005;1002
1127;旅行的艺术;;14.45;16.8;13.94;1004;1002
1128;设计中的设计 | 全本;;33.32;98;88.2;1005;1002
1129;造房子;;38.22;78;63.96;1049;1002
1130;杜尚访谈录;;18.22;26.8;21.98;1005;1002
1131;手绘的奇思妙想;;51;68;56.44;1046;1002
1132;美学散步;;8.6;20;17.6;1001;1002
1133;艺术通史;;155.04;228;200.64;1047;1002
1134;写给大家的西方美术史;;34.68;68;54.4;1050;1002
1135;秘密花园;;17.64;42;35.7;1051;1002
1136;发现之旅;;28.5;75;69.75;1052;1002
1137;莫奈和他的眼睛;;20.24;36.8;29.81;1009;1002
1138;五天学会绘画;;16.77;39;36.66;1034;1002
1139;艺术哲学;;23.08;28.85;24.52;1003;1002
1140;美国纽约摄影学院摄影教材（上）;;58.5;90;79.2;1053;1002
1141;给青年艺术家的信;;5.7;15;13.05;1015;1002
1142;无限的清单;;87.12;198;176.22;1047;1002
1143;创意市集;;17.5;25;23.5;1015;1002
1144;伯里曼人体结构绘画教学;;40.3;65;55.9;1036;1002
1145;论摄影;;23.18;38;31.16;1004;1002
1146;设计的觉醒;;22.04;58;48.14;1005;1002
1147;像自由一样美丽;;32.68;38;33.44;1015;1002
1148;艺术：让人成为人;;61.92;72;57.6;1054;1002
1149;谈美;;6.21;13.8;12.7;1005;1002
1150;渴望生活;;13.41;29.8;25.03;1014;1002
1151;詹森艺术史（插图第7版）;;265.24;698;593.3;1010;1002
1152;剑桥艺术史：绘画观赏;;9.89;23;21.16;1009;1002
1153;世界美术名作二十讲;;27.72;66;62.7;1055;1002
1154;论摄影2;;16.28;22;19.58;1004;1002
1155;艺术与视知觉;;25.23;29;24.07;1056;1002
1156;梵高手稿;;74.8;88;73.04;1051;1002
1157;写给大家的中国美术史;;59.34;69;57.96;1055;1002
1158;主题解读美术史;;26.32;56;51.52;1057;1002
1159;荒野之歌;;95.4;180;167.4;1058;1002
1160;MoMA亮点;;87;150;121.5;1037;1002
1161;像艺术家一样思考1;;22.42;38;35.72;1034;1002
1162;颜色的故事;;24.7;38;34.2;1015;1002
1163;听音乐（插图第6版）;;40.56;78;71.76;1010;1002
1164;与艺术相伴;;55.44;88;74.8;1010;1002
1165;艺术与错觉;;80.36;98;92.12;1036;1002
1166;疯狂艺术史：从达芬奇到伦勃朗;;59.88;99.8;83.83;1058;1002
1167;汉字书法之美;;15.92;39.8;35.82;1005;1002
1168;月亮和六便士4;;16.32;32;30.4;1004;1002
1169;零ZEЯRO;;75.24;99;80.19;1047;1002
1170;一幅画开启的世界;;21.39;69;55.89;1059;1002
1171;摄影构图学;;34.32;88;71.28;1060;1002
1172;塞拉菲尼抄本;;295.63;799;703.12;1051;1002
1173;退步集续编;;25.92;36;33.84;1005;1002
1174;聆听音乐;;58.08;88;83.6;1015;1002
1175;迎向灵光消逝的年代;;11.68;16;15.04;1005;1002
1176;少有人看见的美;;22.23;39;31.59;1038;1002
1177;艺术与错觉2;;32.16;48;40.32;1061;1002
1178;大英博物馆世界简史（全3册）;;55.08;108;98.28;1062;1002
1179;加德纳艺术通史;;166.88;298;238.4;1050;1002
1180;美术馆里聊怪咖;;29.92;68;59.16;1063;1002
1181;赖声川的创意学;;26.64;36;32.4;1038;1002
1182;演员自我修养(第一部);;29.7;54;45.9;1064;1002
1183;写给大家的西方美术史2;;34.08;48;38.4;1050;1002
1184;隔江山色;;20.8;40;34.8;1015;1002
1185;荒废集;;17.55;39;34.71;1005;1002
1186;奈良美智·用小刀划开;;24.66;36.8;32.75;1065;1002
1187;碰巧的杰作;;23.1;35;31.15;1005;1002
1188;图说中国绘画史;;74.8;88;75.68;1015;1002
1189;名画之谜·希腊神话篇;;17.64;42;39.48;1038;1002
1190;蒋勋的卢浮宫;;23.1;42;34.02;1015;1002
1191;雕刻时光2;;18.9;45;42.75;1002;1002
1192;电影艺术（插图第8版）;;26.52;78;70.98;1010;1002
1193;色彩的性格;;47.4;158;139.04;1047;1002
1194;八卦艺术史;;33.43;39.8;33.03;1066;1002
1195;艺术哲学2;;10.43;29.8;25.03;1044;1002
1196;剑桥艺术史：古希腊罗马艺术;;15.75;25;21.25;1009;1002
1197;像艺术家一样思考Ⅲ:贝蒂的色彩;;26.91;39;33.54;1034;1002
1198;亲爱的提奥;;21.6;36;29.52;1002;1002
1199;雕刻时光;;10.25;25;20;1003;1002
1200;荒木经惟的天才写真术;;30.45;35;32.9;1067;1002
1201;时间简史;;17.1;45;41.4;1061;1003
1202;极简宇宙史;;39.6;49.5;41.58;1033;1003
1203;从一到无穷大;;20.59;29;25.81;1068;1003
1204;哥德尔、艾舍尔、巴赫;;55.44;88;80.96;1052;1003
1205;上帝掷骰子吗1;;15.68;32;29.12;1069;1003
1206;人类简史1;;46.92;68;62.56;1038;1003
1207;自私的基因2;;21.36;24;22.8;1070;1003
1208;数学之美;;30.6;45;40.95;1040;1003
1209;万物简史;;22.82;36.8;32.75;1071;1003
1210;万物：创世;;129.72;188;157.92;1058;1003
1211;超越时空;;24.48;36;34.2;1072;1003
1212;那些古怪又让人忧心的问题;;24.9;49.8;47.31;1051;1003
1213;七堂极简物理课;;13.26;39;35.1;1061;1003
1214;万万没想到;;18.71;39.8;33.03;1073;1003
1215;果壳中的宇宙;;34.86;42;39.06;1061;1003
1216;什么是数学1;;33.3;37;30.34;1074;1003
1217;生命是什么;;6.08;19;16.34;1061;1003
1218;迷人的材料;;36.35;49.8;40.84;1051;1003
1219;当彩色的声音尝起来是甜的;;19.5;25;23.75;1033;1003
1220;冷浪漫;;18.2;28;24.08;1075;1003
1221;对伪心理学说不;;12.6;28;24.92;1040;1003
1222;笑什么笑，我们搞的是科学;;18.9;35;29.75;1076;1003
1223;疯狂实验史;;16.17;33;31.02;1015;1003
1224;大设计;;24.48;48;45.12;1061;1003
1225;别闹了，费曼先生;;9.24;22;18.04;1015;1003
1226;时间简史2;;6.14;12.8;11.01;1061;1003
1227;上帝掷骰子吗2;;27.65;35;31.85;1069;1003
1228;复杂2;;18.72;26;23.66;1015;1003
1229;时间的形状2;;25.33;29.8;25.33;1062;1003
1230;谣言粉碎机;;23.04;36;31.68;1062;1003
1231;信息简史;;46.23;69;59.34;1040;1003
1232;水知道答案;;7;20;16.8;1002;1003
1233;皇帝新脑;;30.78;38;33.82;1061;1003
1234;失控;;52.92;98;80.36;1062;1003
1235;现实不似你所见;;36.26;49;40.18;1061;1003
1236;基因传;;78.32;88;70.4;1077;1003
1237;无言的宇宙;;32.87;49.8;44.32;1051;1003
1238;平行宇宙;;18.71;39.8;34.23;1078;1003
1239;众病之王;;35.28;42;37.38;1038;1003
1240;细胞生命的礼赞;;2.88;7.2;6.05;1061;1003
1241;宇宙的琴弦;;12.16;32;30.4;1061;1003
1242;费恩曼物理学讲义（第1卷）;;73.1;85;69.7;1079;1003
1243;时间简史(普及版);;32.3;38;32.68;1061;1003
1244;发现的乐趣;;19.1;39.8;33.83;1051;1003
1245;魔鬼出没的世界;;13.4;28.5;26.79;1070;1003
1246;科学革命的结构;;4.62;14;12.46;1054;1003
1247;我们为什么生病;;10.07;16.5;13.53;1061;1003
1248;别闹了，费曼先生2;;10.2;15;14.1;1015;1003
1249;奇点临近;;32.43;69;60.03;1080;1003
1250;冒烟的耳朵和尖叫的牙齿;;23.94;42;37.38;1068;1003
1251;复杂;;32.3;38;35.72;1061;1003
1252;上帝与新物理学;;9.9;22;18.04;1061;1003
1253;物理世界奇遇记;;22.68;28;22.4;1068;1003
1254;隐藏的现实;;36.3;55;52.25;1040;1003
1255;宇宙之书;;15.6;39;31.2;1040;1003
1256;数学：确定性的丧失;;23.36;32;26.88;1061;1003
1257;阿西莫夫最新科学指南（上下册）;;32.16;48;42.24;1081;1003
1258;万物解释者;;73.04;88;82.72;1082;1003
1259;上帝掷骰子吗？;;15.46;36.8;30.54;1069;1003
1260;水知道答案2;;16.2;20;18.8;1083;1003
1261;费马大定理;;16.17;33;27.06;1004;1003
1262;推理的迷宫;;13.86;22;20.46;1084;1003
1263;你干吗在乎别人怎么想？;;10.62;18;16.74;1085;1003
1264;自私的基因;;46.92;68;55.76;1038;1003
1265;时间的形状;;17.76;48;40.32;1086;1003
1266;科学究竟是什么;;8.4;20;18.6;1052;1003
1267;昆虫记;;10.83;19;17.1;1011;1003
1268;进化心理学;;29.38;49.8;44.82;1087;1003
1269;星际穿越;;42.45;84.9;77.26;1088;1003
1270;果壳中的宇宙2;;48.98;62;54.56;1061;1003
1271;过日子要有技术含量;;15.75;35;32.2;1089;1003
1272;艾伦·图灵传;;45.43;59;53.69;1061;1003
1273;哲学 科学 常识;;22.4;32;26.24;1090;1003
1274;演化;;30.8;88;73.92;1091;1003
1275;科学革命的结构2;;11.6;29;26.1;1054;1003
1276;爱因斯坦的梦;;10.08;18;15.84;1071;1003
1277;上帝的手术刀;;23.36;59.9;55.11;1088;1003
1278;编码;;28.6;55;51.15;1073;1003
1279;物种起源;;19.55;23;21.62;1052;1003
1280;混沌;;27.3;42;39.9;1092;1003
1281;自然哲学之数学原理;;32.76;39;34.32;1054;1003
1282;控制论与科学方法论;;9.92;16;15.04;1062;1003
1283;通向实在之路;;26.4;80;70.4;1061;1003
1284;深奥的简洁;;11.16;18;16.2;1061;1003
1285;猜想与反驳;;19.25;35;33.25;1004;1003
1286;海洋中的爱与性;;31.37;49.8;42.83;1051;1003
1287;生命八卦;;32;50;43.5;1015;1003
1288;改变心理学的40项研究;;22.68;28;25.76;1040;1003
1289;那些古怪又让人忧心的问题2;;27.2;68;54.4;1051;1003
1290;无穷的开始;;32.45;59;47.2;1040;1003
1291;被禁止的历史;;10.8;36;31.32;1081;1003
1292;与“众”不同的心理学;;9.2;20;18.2;1093;1003
1293;真实世界的脉络;;10.3;19.8;16.83;1005;1003
1294;地理学与生活（插图第11版）;;44;88;70.4;1037;1003
1295;狭义与广义相对论浅说;;27.52;32;26.24;1054;1003
1296;熵：一种新的世界观;;1.48;2.05;1.8;1004;1003
1297;宇宙;;18.75;25;21.25;1070;1003
1298;知识大融通;;38.76;68;54.4;1094;1003
1299;莎士比亚、牛顿和贝多芬;;5.13;12.5;11.25;1061;1003
1300;什么是数学2;;33.97;43;40.42;1074;1003
1301;万历十五年（三联版）;;14.58;18;16.74;1015;1004
1302;明朝那些事儿（壹）;;20.34;24.8;23.31;1095;1004
1303;人类简史2;;47.6;68;55.76;1038;1004
1304;中国历代政治得失;;6.84;12;9.6;1015;1004
1305;明朝那些事儿（1-9）;;293.72;358.2;290.14;1096;1004
1306;你一定爱读的极简欧洲史;;9;25;21;1005;1004
1307;巨人的陨落2;;93.46;129.8;114.22;1006;1004
1308;明朝那些事儿（贰）;;19.84;24.8;21.08;1095;1004
1309;中国大历史;;16.53;19;17.67;1015;1004
1310;枪炮、病菌与钢铁;;23.85;45;39.6;1097;1004
1311;明朝那些事儿（叁）;;14.14;24.8;21.82;1095;1004
1312;國史大綱（上下）;;38.76;76;68.4;1098;1004
1313;明朝那些事儿（肆）;;10.91;24.8;22.07;1095;1004
1314;明朝那些事儿（伍）;;22.46;28.8;23.62;1095;1004
1315;全球通史（第7版 上册）;;60.72;88;79.2;1054;1004
1316;往事并不如烟;;16.8;35;31.85;1003;1004
1317;历史深处的忧虑;;17.1;19;15.58;1015;1004
1318;明朝那些事儿;;68.84;208.6;185.65;1088;1004
1319;我们台湾这些年;;18.18;29.8;26.82;1099;1004
1320;万历十五年;;23.04;36;32.04;1100;1004
1321;史记（全十册）;;107.5;125;115;1100;1004
1322;明朝那些事儿（陆）;;8.64;28.8;25.63;1096;1004
1323;天朝的崩溃;;26.24;32;26.56;1015;1004
1324;明朝那些事儿（柒）：大结局;;18.48;29.8;25.93;1096;1004
1325;全球通史(上);;5.61;16.99;15.8;1054;1004
1326;人类的群星闪耀时;;11.34;18;15.48;1005;1004
1327;万历十五年（增订本）;;10.8;18;16.02;1100;1004
1328;活着3;;6.2;20;16.6;1011;1004
1329;光荣与梦想2;;52.36;68;62.56;1101;1004
1330;二手时间;;48.4;55;52.25;1038;1004
1331;潜规则;;13.76;16;14.56;1102;1004
1332;夹边沟记事;;25.84;34;27.88;1007;1004
1333;叫魂2;;20.14;38;30.4;1103;1004
1334;历史是个什么玩意儿1;;24.93;32.8;26.24;1035;1004
1335;耶路撒冷三千年;;46.02;78;70.98;1104;1004
1336;中国近代史2;;58.74;66;53.46;1010;1004
1337;晚清七十年 （全五冊）;;300.38;337.5;313.88;1105;1004
1338;流血的仕途;;25.03;29.8;27.42;1038;1004
1339;浪潮之巅;;45.1;55;48.95;1073;1004
1340;带一本书去巴黎;;19.6;35;32.9;1015;1004
1341;全球通史(下);;43.2;54;44.82;1054;1004
1342;唐朝穿越指南;;10.5;35;28.35;1051;1004
1343;邓小平时代;;27.28;88;77.44;1015;1004
1344;旧制度与大革命;;4.48;12.8;10.75;1052;1004
1345;美国种族简史;;18.2;35;30.8;1038;1004
1346;血酬定律;;19.99;23.8;21.42;1106;1004
1347;品三国（上）;;20.5;25;21.25;1024;1004
1348;三国志;;17.38;39.5;32;1003;1004
1349;激荡三十年（上）;;25.55;35;29.75;1107;1004
1350;叫魂;;14.65;19.8;17.82;1033;1004
1351;货币战争;;22.8;38;30.78;1038;1004
1352;世界的凛冬;;42.24;132;116.16;1006;1004
1353;重说中国近代史;;10.24;32;28.16;1108;1004
1354;未来简史;;42.84;68;57.12;1038;1004
1355;巨流河;;31.98;39;34.32;1015;1004
1356;中国人史纲（上中下）;;38.25;75;69.75;1109;1004
1357;大秦帝国;;158.67;369;332.1;1110;1004
1358;袁氏当国;;14.79;17;15.81;1005;1004
1359;罗马人的故事1;;25.56;36;34.2;1038;1004
1360;白鹿原2;;20.44;28;25.76;1003;1004
1361;十二幅地图中的世界史;;38.92;99.8;86.83;1088;1004
1362;菊与刀;;5.92;16;14.24;1052;1004
1363;中國近代史（上冊）;;106.56;118.4;97.09;1111;1004
1364;伟大的博弈;;15.6;39;36.66;1038;1004
1365;全球通史1;;6.6;20;16.6;1112;1004
1366;清明上河图密码;;29.44;49.9;41.42;1051;1004
1367;昨日的世界;;19.52;32;29.76;1005;1004
1368;品三国（下）;;10.25;25;23.25;1024;1004
1369;大英博物馆世界简史（全3册）2;;32.4;108;86.4;1062;1004
1370;文明之光（第一册）;;44.84;59;47.2;1040;1004
1371;南渡北归（第一部）;;24.68;39.8;34.63;1023;1004
1372;光荣与梦想1;;134.52;236;214.76;1038;1004
1373;丝绸之路;;53.76;128;104.96;1076;1004
1374;战争与革命中的西南联大;;16.8;48;42.72;1113;1004
1375;陈寅恪魏晋南北朝史讲演录;;19.37;29.8;25.03;1114;1004
1376;一百个人的十年;;15.98;18.8;17.11;1115;1004
1377;資治通鑑（全二十冊）;;202.52;332;268.92;1116;1004
1378;古拉格：一部历史;;60.06;78;67.08;1062;1004
1379;全球通史2;;141.12;168;159.6;1054;1004
1380;赫逊河畔谈中国历史;;5.38;9.6;8.35;1015;1004
1381;我也有一个梦想;;14.75;25;20.75;1015;1004
1382;中国近代史1;;4.22;8.8;7.74;1031;1004
1383;1453;;28.42;49;46.55;1117;1004
1384;鱼羊野史·第1卷;;26.27;39.8;34.23;1023;1004
1385;阿拉伯的劳伦斯;;45.03;79;75.05;1118;1004
1386;欧洲中世纪史;;18.56;58;48.72;1112;1004
1387;从黎明到衰落（上下）;;68.6;98;78.4;1038;1004
1388;辛亥：摇晃的中国;;22.65;29.8;28.01;1005;1004
1389;论中国;;34.68;68;61.88;1038;1004
1390;历史研究;;69.52;88;74.8;1001;1004
1391;人类的群星闪耀时（增订版）;;17.29;25.8;22.7;1015;1004
1392;城记;;37.7;58;53.36;1015;1004
1393;西班牙旅行笔记;;17.15;49;41.16;1015;1004
1394;潜规则（修订版）;;14;28;23.24;1074;1004
1395;总统是靠不住的;;15.26;21.8;18.09;1015;1004
1396;历史是个什么玩意儿2;;15.42;32.8;29.52;1119;1004
1397;激荡三十年;;26.24;32;30.08;1038;1004
1398;如彗星划过夜空;;16.59;21;16.8;1015;1004
1399;上下五千年;;34.4;43;39.13;1120;1004
1400;激荡三十年（下）;;18.9;42;39.48;1038;1004
1401;谈话的力量;;10.12;22;17.82;1121;1005
1402;跟各国人都聊得来;;30.78;38;32.3;1086;1005
1403;语言本能;;23.48;39.8;34.63;1122;1005
1404;语言的魔力;;23.8;35;33.25;1010;1005
1405;把你的英语用起来！;;25.2;36;29.88;1123;1005
1406;中日交流标准日本语（新版初级上下册）;;36.42;63.9;53.68;1124;1005
1407;所谓会说话，就是会换位思考;;27.74;38;32.68;1125;1005
1408;脏话文化史;;7.03;19;15.39;1126;1005
1409;The Elements of Style, Fourth Edition;;4.28;9.95;8.56;1127;1005
1410;翻译的基本知识;;16.24;19.8;18.02;1010;1005
1411;韦洛克拉丁语教程;;32.67;99;83.16;1010;1005
1412;中式英语之鉴;;17.4;22.9;21.53;1128;1005
1413;语言本能2;;90.12;109.9;91.22;1088;1005
1414;Word Power Made Easy;;5.51;7.99;7.51;1129;1005
1415;标准韩国语（第一册）;;15.9;30;27;1054;1005
1416;找对英语学习方法的第一本书;;21.24;36;31.68;1130;1005
1417;余光中谈翻译;;8.88;12;10.68;1131;1005
1418;17天搞定GRE单词;;7.7;10;8.6;1132;1005
1419;大话方言;;14.76;18;16.2;1133;1005
1420;普通语言学教程;;8.36;22;18.7;1052;1005
1421;英语词根与单词的说文解字;;15.31;18.9;17.01;1128;1005
1422;古代汉语（第一册）;;9.92;16;13.12;1100;1005
1423;粵語（香港話）教程;;56.94;78;74.1;1134;1005
1424;Merriam-Webster's Vocabulary Builder;;5.1;6.99;6.15;1135;1005
1425;古汉语常用字字典;;11.55;21;18.69;1052;1005
1426;现代汉语词典（修订本）;;23.65;55;47.3;1052;1005
1427;英语词汇的奥秘;;12.2;20;16.8;1136;1005
1428;别笑！我是英文单词书;;11.92;29.8;23.84;1137;1005
1429;新概念英语（3）;;15.88;18.9;17.96;1128;1005
1430;拉丁语和希腊语;;16.12;32.9;28.29;1128;1005
1431;翻译的技巧;;31.36;56;52.08;1010;1005
1432;麦肯锡教我的写作武器;;14.08;32;26.56;1043;1005
1433;语言学的邀请;;37.92;48;43.2;1054;1005
1434;在通向语言的途中;;14.44;19;15.2;1052;1005
1435;话/镜;;19.5;39.8;37.81;1089;1005
1436;美语音标;;16;20;18.6;1123;1005
1437;中日交流标准日本语（初级 上下）;;21.02;28.8;27.07;1124;1005
1438;简明法语教程（上）;;26.55;45;38.7;1052;1005
1439;英语魔法师之语法俱乐部;;15.05;35;28.7;1113;1005
1440;走遍法国(学生用书 1/上);;23.94;39.9;36.71;1128;1005
1441;新概念英语（2）;;30.34;38.9;35.01;1128;1005
1442;American Accent Training;;35.96;39.95;33.96;1138;1005
1443;演讲的艺术;;40.07;59.8;49.63;1139;1005
1444;梳毛、八卦及语言的进化;;29.7;45;42.3;1140;1005
1445;诙词典;;17.68;26;20.8;1001;1005
1446;思想本质;;85.73;129.9;107.82;1088;1005
1447;1368个单词就够了;;22.69;39.8;35.42;1141;1005
1448;汉语的本质和历史;;7.6;10;8.3;1052;1005
1449;拉丁语基础;;0.92;2.1;1.74;1052;1005
1450;大家的日语1;;12.92;38;31.92;1128;1005
1451;回锅肉和香菇菜心的语言等级;;12.48;39;37.05;1052;1005
1452;伟大的字母;;7.36;23;19.09;1007;1005
1453;翻译研究;;8.52;14.2;12.07;1131;1005
1454;6个月学会任何一种外语;;13.97;39.9;35.91;1080;1005
1455;法语词汇渐进;;19.38;38;33.06;1004;1005
1456;提高语言智能的10种方法;;12.42;18;16.02;1142;1005
1457;Dirty Chinese;;1.92;5.99;4.91;1143;1005
1458;知日·和制汉语;;16.1;35;31.15;1038;1005
1459;标准美语发音的13个秘诀;;16.8;35;33.25;1144;1005
1460;古代汉语（第二册）;;10.64;14;11.34;1100;1005
1461;语言哲学;;8.94;29.8;25.63;1054;1005
1462;新概念英语第一册;;16.49;23.9;21.51;1128;1005
1463;现代西班牙语(第一册);;15.93;17.9;15.57;1128;1005
1464;文心;;17.11;29;25.52;1055;1005
1465;英语思维是这样炼成的;;19.8;22;18.48;1145;1005
1466;汉字的魔方;;12.2;20;16;1074;1005
1467;现代西班牙语（第一册）2;;22.13;29.9;26.31;1128;1005
1468;新概念英语（4）;;11.74;19.9;17.71;1128;1005
1469;全新法语语法;;25.76;46;40.48;1004;1005
1470;法语发音;;6.84;19;17.29;1123;1005
1471;新视线意大利语1;;18.9;54;49.68;1146;1005
1472;拉鲁斯法汉双解词典;;28.77;89.9;83.61;1128;1005
1473;这个词,原来是这个意思!;;19.2;30;26.4;1001;1005
1474;The Language Instinct;;12.41;17.99;16.01;1147;1005
1475;牛津高阶英汉双解词典(第四版);;26.4;88;77.44;1052;1005
1476;简明拉丁语教程;;23.56;31;28.52;1052;1005
1477;拉丁语汉语简明词典;;27.89;49.8;40.84;1010;1005
1478;The Sense of Style;;12.3;27.95;23.76;1148;1005
1479;说话的力量;;24.78;42;37.8;1149;1005
1480;新编日语1（修订本）;;18.76;28;24.08;1150;1005
1481;凯若斯(古希腊语文教程共2册);;56;70;58.8;1087;1005
1482;世界上的语言;;21.44;32;28.16;1007;1005
1483;梵文基础读本;;14.75;25;23.75;1054;1005
1484;日语基础语法整理;;8.69;13.8;11.59;1151;1005
1485;千万别学英语;;8.46;18;17.1;1010;1005
1486;人类沟通的起源;;15.66;29;25.81;1052;1005
1487;英语词缀与英语派生词;;23.31;25.9;22.79;1128;1005
1488;English Grammar In Use with Answers;;20.8;39.25;34.54;1152;1005
1489;语言的文化史;;23.52;28;24.08;1054;1005
1490;英文魔法師之文法俱樂部;;32.4;90;76.5;1153;1005
1491;古代汉语（第四册）;;16.33;23;19.78;1100;1005
1492;新版中日交流标准日本语（中级上下）;;30.6;68;60.52;1124;1005
1493;德语入门;;20.44;28;25.2;1123;1005
1494;说什么 怎么说;;17.02;23;21.85;1154;1005
1495;英语语法大全;;36;48;42.72;1052;1005
1496;英语语法新思维初级教程;;18.24;38;35.72;1144;1005
1497;语文常谈;;13.5;25;23.5;1015;1005
1498;文字学概要;;11.2;35;30.8;1052;1005
1499;速成意大利语（上）;;8.1;18;15.66;1123;1005
1500;论人类语言结构的差异及其对人类精神发展的影响;;29.7;33;29.37;1052;1005
